cluster_id	center.x	center.y	center.z	velocity.x	velocity.y	velocity.z	is_static																																																																																																																																								
1	-0.38427334727676	-2.11172721742876	0	0.0254567146336827	0.00477188113640365	0	True	2	-0.246298766861514	0.903646192846153	0	-0.0747929419581071	-0.101999842101799	0	False	3	-0.190061979510721	1.1408144729091	0	-0.072785518764499	-0.308290876416191	0	False	4	0.435630594668374	-1.73146490956561	0	-0.00880564102384342	-0.00917447148731783	0	True	5	0.286464896841264	-0.0956757543368949	0	-0.00474413572278256	-0.000182403724047656	0	False	6	-0.263594917036651	0.608227554430229	0	0.00337206477092292	0.023219385946122	0	False	7	0.810927448305242	-0.780436815216995	0	-0.0244287192152715	-0.0156258347046513	0	True	8	0.281808919678077	0.0973437000360322	0	0.0192629119420912	-0.0110932684839338	0	False	9	0.947207040319944	-1.50389200042197	0	0.00353772948324649	-0.00606432734068586	0	True	10	0.765149085919147	-1.80730865645459	0	-0.158523415966976	0.0460287292046209	0	False	11	1.37272301846873	-0.927130980139506	0	0.00873914036126823	-0.00531874437730062	0	True	12	0.167265548929988	-2.00857927901117	0	0.00137302911874526	-0.0135778164705676	0	True	13	-0.754420526009883	-1.4262360566177	0	-0.00284846780589711	-0.00551234992328763	0	True	14	-0.726284054647541	-1.63936954250761	0	-0.00547728490457794	-0.0118383567320761	0	True	15	1.74958670103614	0.0460581150649555	0	0.00387508143168145	0.000459038857909971	0	True	16	0.674916285556708	0.770785841593343	0	0.151535138021297	-0.128337496418536	0	False	17	0.154170604519523	1.12000632287045	0	0.189410568067389	-0.0828009798513538	0	False								
1	-0.393341689553638	-2.112330040936	0	-0.0235928862013896	0.000816145870872628	0	True	2	-0.244069074757708	0.916426434178162	0	0.00213365476305846	0.0119814394361188	0	False	3	-0.161787065242252	1.26382458491137	0	0.0903778670579732	0.381232624014792	0	False	4	0.43876264219817	-1.72841595459556	0	-0.00965153303574611	-0.00653236328423968	0	True	5	0.290068862206898	-0.100594391460424	0	-0.000490072050841386	-0.0188280091909787	0	False	6	-0.263446023270134	0.611867426296544	0	-0.00302981981268599	0.0435254551504919	0	False	7	0.811759871273683	-0.780608784446947	0	-0.00241069608258046	-0.00307891930463504	0	True	8	0.276300178912977	0.104943317891024	0	-0.00530709404548047	0.0232876389136091	0	False	9	0.949388444097951	-1.50039296860076	0	-0.000630777553112658	0.0001130023295438	0	True	10	0.760136869751903	-1.80981369230696	0	-0.189062474079543	0.0473226822674403	0	False	11	1.37277694743007	-0.927335713594012	0	0.00122240921675668	-0.000819842915798543	0	True	12	0.16704972114272	-2.00647072979385	0	-0.000118222166337609	-0.00100099291941113	0	True	13	-0.753470842233229	-1.42435084142074	0	0.00448826627693537	0.0084892974256248	0	True	14	-0.725746510569013	-1.6381487845461	0	-0.00382213590101864	-0.00890586423917116	0	True	15	1.75008132081028	0.0460697999697392	0	0.00676068124654628	0.000691508685312203	0	True	16	0.674916285556708	0.770785841593343	0	0.151535138021297	-0.128337496418536	0	False	17	0.154170604519523	1.12000632287045	0	0.189410568067389	-0.0828009798513538	0	False								
1	-0.388716272512212	-2.11190320014486	0	0.00114602544010932	-0.00269677169730732	0	True	2	-0.244069074757708	0.916426434178162	0	0.00213365476305846	0.0119814394361188	0	False	3	-0.192556780255262	1.13324634683973	0	-0.0875410332293329	-0.371871567460131	0	False	4	0.441672584440939	-1.72453792974296	0	0.00922871456602266	0.00672171196100672	0	True	5	0.28737525910895	-0.102766931675446	0	0.00715468684163195	-0.00522429008870715	0	False	6	-0.264008124752769	0.598206270509861	0	-0.000605824628018642	-0.0369076000688166	0	False	7	0.814645010569909	-0.779480225935743	0	-0.00124712348125392	0.00474986440773293	0	True	8	0.27860238343635	0.101921986718434	0	0.000161804054537437	0.0227897948151426	0	False	9	0.948853022146958	-1.49944436593773	0	0.00739533878283123	0.00744066944083342	0	True	10	0.824105904789696	-1.82276637812992	0	0.195862764309967	-0.0372566568999653	0	False	11	1.3726314554329	-0.927126068704855	0	0.00553749603870608	-0.00351713375113853	0	True	12	0.15068117306904	-2.01805853078913	0	-0.0475394710605026	-0.0320655665468596	0	True	13	-0.754637928663704	-1.42656129344424	0	-0.00397046848758004	-0.00698419510759656	0	True	14	-0.7254663829903	-1.63745346931877	0	-0.00199118322847392	-0.00424467182952064	0	True	15	1.74821416436506	0.0461732761775889	0	-0.00070867571770894	0.000674121121257941	0	True	16	0.674916285556708	0.770785841593343	0	0.151535138021297	-0.128337496418536	0	False	17	0.154170604519523	1.12000632287045	0	0.189410568067389	-0.0828009798513538	0	False								
1	-0.393766483954281	-2.11390930722443	0	0.00058530908988044	-0.00363047452956423	0	True	2	-0.244321309173208	0.911705760355002	0	-0.068855623503605	-0.072921869665744	0	False	3	-0.161697917788906	1.26351976056784	0	0.0846043425049459	0.356285396653593	0	False	4	0.438514521085066	-1.72714235107149	0	7.95667376309359E-05	0.00151902594126654	0	True	5	0.284339112155718	-0.0980585962890411	0	-0.0129732113359444	0.0243531530741359	0	False	6	-0.264307583296522	0.597692047414335	0	-0.000606576644297241	-0.0102955335861235	0	False	7	0.810669015145819	-0.784132389502168	0	0.00658749813095053	-0.00161008437948382	0	True	8	0.280275291362022	0.0995765718077276	0	0.01309932518312	0.0107859612934892	0	False	9	0.947240213132637	-1.50390643568402	0	0.00149992464598711	-0.00329226798113618	0	True	10	0.817608792480393	-1.82102315637401	0	0.00532397133673385	-0.00484589622530228	0	False	11	1.37135402971263	-0.926374705030135	0	0.0014340787543477	-0.000921881640402547	0	True	12	0.166994291687445	-2.00583318182755	0	-0.0012240889139782	0.00130448169615232	0	True	13	-0.754232175909387	-1.4257703205902	0	-0.00259147659933401	-0.00485850550849492	0	True	14	-0.72685479428443	-1.6405745696107	0	0.000504123064885846	0.00139418610006255	0	True	15	1.7493641421356	0.0460455932333888	0	-0.00385732713243334	0.000116706075077659	0	True	16	0.674916285556708	0.770785841593343	0	0.151535138021297	-0.128337496418536	0	False	17	0.154170604519523	1.12000632287045	0	0.189410568067389	-0.0828009798513538	0	False								
1	-0.393654543349091	-2.11306291660611	0	-0.0122607376492415	-0.00237593759555399	0	True	2	-0.244321309173208	0.911705760355002	0	-0.068855623503605	-0.072921869665744	0	False	3	-0.191867851014719	1.13422991794929	0	-0.0780559093383923	-0.343936674615004	0	False	4	0.441941006778304	-1.72417104175835	0	0.00835898575207463	0.0116479010238433	0	True	5	0.291000969423607	-0.0908833445598776	0	-0.00823101472944038	0.015903453064921	0	False	6	-0.263578149543157	0.599063193947827	0	0.00109601079014889	-0.00800946891367035	0	False	7	0.807050094399886	-0.780105765762061	0	-0.0383498259168944	0.000182043166317299	0	True	8	0.280711794203205	0.0926245488506598	0	0.0193001423058307	-0.0304228670851174	0	False	9	0.949208374361674	-1.49977325202755	0	0.00207764240579747	0.015374078400185	0	True	10	0.816477422382948	-1.82226146281768	0	0.130538069000218	-0.035899080967556	0	False	11	1.37070731874494	-0.926165821050551	0	0.00369109116707862	-0.00338646830836183	0	True	12	0.170777638860967	-2.00236033882553	0	0.00920525236671866	0.00775114813084573	0	True	13	-0.755009373973496	-1.42736985718237	0	0.00100324887699104	0.00216079521297984	0	True	14	-0.724832738156598	-1.6361840275836	0	-0.00226425431690028	-0.00476956777199272	0	True	15	1.74790262985459	0.0460611749292362	0	-0.00776551465359783	-0.0102515053971222	0	True	16	0.674916285556708	0.770785841593343	0	0.151535138021297	-0.128337496418536	0	False	17	0.154170604519523	1.12000632287045	0	0.189410568067389	-0.0828009798513538	0	False								
1	-0.388955174958095	-2.11250725795173	0	-0.0121304338310926	-0.00229720674685334	0	True	2	-0.244321309173208	0.911705760355002	0	-0.068855623503605	-0.072921869665744	0	False	3	-0.161698720643457	1.26280038016095	0	0.0763329260131001	0.328226837266621	0	False	4	0.438371492734343	-1.72712172790817	0	0.00725866801760885	0.0118885439789148	0	True	5	0.293707423066097	-0.101675763717785	0	0.0184357234722483	-0.016496108281539	0	False	6	-0.255724362827601	0.725970113733153	0	0.0213440759733105	0.319418944555013	0	False	7	0.818681884651851	-0.779589613027536	0	0.02145570393709	0.00176183141658004	0	True	8	0.274506072779195	0.100436490870566	0	-0.0191760055757735	0.00780031084716339	0	False	9	0.946574496467205	-1.50300386117152	0	-0.00222166442915558	0.00167421382612562	0	True	10	0.820719764770762	-1.82345789123241	0	0.161986632201142	-0.0458743329751005	0	False	11	1.37126835116791	-0.926289523441606	0	-0.00409409721102516	0.00240938397755555	0	True	12	0.167203656826998	-2.00814191671743	0	-0.00137099405511326	0.000250507042728659	0	True	13	-0.753597229657869	-1.42472381039797	0	0.00210753725238127	0.00386932542487208	0	True	14	-0.724881115240719	-1.63616306786886	0	0.00357833150095239	0.0082083023190382	0	True	15	1.74818678363508	0.046130158116448	0	-0.00394058071683405	0.000198943389720665	0	True	16	0.674916285556708	0.770785841593343	0	0.151535138021297	-0.128337496418536	0	False	17	0.154170604519523	1.12000632287045	0	0.189410568067389	-0.0828009798513538	0	False								
1	-0.388694746806695	-2.11116512150994	0	0.0129522070802821	0.00312448831518608	0	True	2	-0.244321309173208	0.911705760355002	0	-0.068855623503605	-0.072921869665744	0	False	3	-0.193354608241019	1.12936444316086	0	-0.0892802041710423	-0.380136097832181	0	False	4	0.441941445542341	-1.72493972529312	0	0.00896705263392059	0.00988679804659768	0	True	5	0.290916839366095	-0.0941831232323558	0	0.000852604999224235	0.0179411182528783	0	False	6	-0.264679580634911	0.604716777776483	0	-0.00443310049958695	-0.0339624834858674	0	False	7	0.804067333616272	-0.783735906655444	0	-0.0221939792818443	-0.00952634726428187	0	True	8	0.28313558511622	0.100185060250209	0	0.0200670860482453	-0.0133139334701035	0	False	9	0.949401077546682	-1.50024405240238	0	-6.77868360952932E-05	0.000101600990109792	0	True	10	0.773035720101815	-1.81929142264418	0	0.0403143781423091	-0.0273423641907517	0	False	11	1.37414410984299	-0.928310910530048	0	0.00391050408462273	-0.0027692376718448	0	True	12	0.166583103421168	-2.00309926300791	0	-0.00255012401518639	0.00887991527297132	0	True	13	-0.753852821555042	-1.42509248802304	0	-0.00116626000962559	-0.00223643946168489	0	True	14	-0.725308869686806	-1.63715868211291	0	0.000923076326427496	0.0021096975063452	0	True	15	1.7491139059232	0.0461085730371434	0	-0.00264112793312706	0.000106406206632327	0	True	16	0.674916285556708	0.770785841593343	0	0.151535138021297	-0.128337496418536	0	False	17	0.154170604519523	1.12000632287045	0	0.189410568067389	-0.0828009798513538	0	False								
1	-0.388549165139765	-2.11079889292523	0	-4.92547898589105E-05	0.00288708554689053	0	True	2	-0.244321309173208	0.911705760355002	0	-0.068855623503605	-0.072921869665744	0	False	3	-0.19234722818516	1.13353450523019	0	0.00259948154461532	0.00948972438894607	0	False	4	0.441639427889696	-1.7247662110321	0	-0.000286150838506401	-0.000873470710644561	0	True	5	0.29113119664173	-0.0945773630711994	0	0.00924000165278246	0.0231589331446562	0	False	6	-0.266180686143497	0.696744246828847	0	-0.00689973278285987	0.256653452947095	0	False	7	0.824162462596354	-0.776146976694161	0	0.024266370836787	0.00790648521733667	0	True	8	0.27801544413706	0.102134027242269	0	-0.000569100267557104	0.000754673680880365	0	False	9	0.948635190079074	-1.49891961086746	0	-0.000606089407911871	0.000966718183969644	0	True	10	0.824601742443721	-1.823857712527	0	-0.00431902662975692	-0.00227835257239328	0	False	11	1.3714680236486	-0.926489017486794	0	-0.002968183297796	0.00159344862744798	0	True	12	0.150209592376474	-2.01231808059976	0	0.000199617720909034	0.017298514919222	0	True	13	-0.752833517978079	-1.42336905038241	0	0.0049950520390001	0.00886804243812253	0	True	14	-0.723625502107716	-1.63325621080059	0	0.00470370726589184	0.0107411697911373	0	True	15	1.7497921399564	0.0500649412316962	0	0.0046176906447861	0.010599304064995	0	True	16	0.674916285556708	0.770785841593343	0	0.151535138021297	-0.128337496418536	0	False	17	0.154170604519523	1.12000632287045	0	0.189410568067389	-0.0828009798513538	0	False								
1	-0.393561275887022	-2.11313542362828	0	0.000562324498041947	0.00218398316901063	0	True	2	-0.244729648765923	0.906638558248957	0	-0.075527291145001	-0.0957426341177321	0	False	3	-0.161470112752854	1.26185231730824	0	-0.000450176796395019	-0.00894952152744555	0	False	4	0.434772653587722	-1.72776968526831	0	-0.0101223409272832	-0.00170436278702571	0	True	5	0.286563341255374	-0.100101334984023	0	0.00535158354215191	-0.00532716427807659	0	False	6	-0.262314757841724	0.604103149431004	0	0.00453399897633832	0.00448774663616698	0	False	7	0.814566627951333	-0.780301198175745	0	0.00928020887904903	0.00973699826866601	0	True	8	0.27554436209975	0.106411058079288	0	-0.012082210035592	0.0191206454797335	0	False	9	0.948973091639402	-1.49964573163661	0	0.00489640429992776	0.0116428853833997	0	True	10	0.760331600149214	-1.81068885398077	0	-0.161832658038827	0.0288267148693748	0	False	11	1.371243957525	-0.926539105083999	0	4.39292195330844E-05	-0.00067616956041118	0	True	12	0.167285094186909	-2.00841629070523	0	0.000648230333327837	-0.00671701822820938	0	True	13	-0.753395874487348	-1.42445404998736	0	0.00230388636407752	0.00365271021456837	0	True	14	-0.725797815944247	-1.63830871411053	0	0.00269706302708415	0.00576703398305486	0	True	15	1.74903414663166	0.0461249677275435	0	-0.000721305186940109	0.000175154576360806	0	True	16	0.674916285556708	0.770785841593343	0	0.151535138021297	-0.128337496418536	0	False	17	0.154170604519523	1.12000632287045	0	0.189410568067389	-0.0828009798513538	0	False								
1	-0.384038417251318	-2.10988856318552	0	0.0257315599781535	0.00860849292838717	0	True	2	-0.244729648765923	0.906638558248957	0	-0.075527291145001	-0.0957426341177321	0	False	3	-0.192535890925046	1.13231711168171	0	-0.00301280012861556	-0.010320396426286	0	False	4	0.441781813256765	-1.72561846143558	0	-0.000521875185314377	-0.00388117992276301	0	True	5	0.293413953773978	-0.104180786361421	0	0.00589321644089415	-0.0353871484732935	0	False	6	-0.265606305827719	0.602620786801655	0	-0.00621570708048555	-0.00313611643431562	0	False	7	0.820061721927425	-0.777624635174478	0	0.0336347812795258	0.00614864551646612	0	True	8	0.285292155912932	0.0938188806246898	0	0.0128223763106711	0.00399815316573454	0	False	9	0.949414527889166	-1.50030521431312	0	0.000824201074204757	-0.00115180378280437	0	True	10	0.764639790175669	-1.81023790392004	0	-0.147291319059818	0.0333376278126602	0	False	11	1.37314901648538	-0.92757067775374	0	0.00686482349357519	-0.0039924997593557	0	True	12	0.166730456045626	-2.00296767955571	0	-0.0109323909272802	-0.00141381500699662	0	True	13	-0.753340587990988	-1.42416885643261	0	0.00452599204893632	0.00868440229289172	0	True	14	-0.725654300986014	-1.63782547455183	0	-0.00231574165412529	-0.00465841005366151	0	True	15	1.74831210599716	0.0462034795065151	0	0.00124826351330168	0.000343541306172612	0	True	16	0.674916285556708	0.770785841593343	0	0.151535138021297	-0.128337496418536	0	False	17	0.154170604519523	1.12000632287045	0	0.189410568067389	-0.0828009798513538	0	False								
1	-0.384237665200723	-2.11056682383772	0	0.0123549441364432	0.00529700261454115	0	True	2	-0.244729648765923	0.906638558248957	0	-0.075527291145001	-0.0957426341177321	0	False	3	-0.191918465597574	1.1373005188029	0	-0.0838773376916712	-0.348722498529575	0	False	4	0.438546605589354	-1.72697484495984	0	0.000690841791793224	0.00060353456767042	0	True	5	0.283524350237375	-0.0914216371377798	0	-0.027637326221809	0.0278358257914708	0	False	6	-0.26376624252196	0.600792292155175	0	-0.022829729525632	-0.354987468041715	0	False	7	0.816612612319582	-0.779531872071053	0	-0.00728481746313798	-0.000301966757146471	0	True	8	0.279035631134758	0.100590825217046	0	0.0132608656731796	0.000529359860032225	0	False	9	0.949380493482782	-1.50011601009667	0	0.00793647496433369	0.00818203137363652	0	True	10	0.817871312314732	-1.81971428617002	0	-0.0182457126133883	0.0115711029901449	0	False	11	1.3709707700688	-0.926329128456521	0	-0.000424559718290931	-0.000373873421751282	0	True	12	0.167240626155147	-2.00709515739988	0	0.000188421458378835	0.00349015385823657	0	True	13	-0.754235639230289	-1.4258940131981	0	-0.00170030734365486	-0.00310920689857002	0	True	14	-0.724721542992128	-1.63596020342249	0	0.000281036409138013	0.000212616804702757	0	True	15	1.75044465324485	0.0460493068910597	0	0.00610578588035602	-0.000252437857625046	0	True	16	0.674916285556708	0.770785841593343	0	0.151535138021297	-0.128337496418536	0	False	17	0.154170604519523	1.12000632287045	0	0.189410568067389	-0.0828009798513538	0	False								
1	-0.388647465483157	-2.11075159952416	0	-0.000105120973593706	0.00100246408660962	0	True	2	-0.218437028534042	0.946040467148947	0	0.0633431310610368	0.0699585353861481	0	False	3	-0.191918465597574	1.1373005188029	0	-0.0838773376916712	-0.348722498529575	0	False	4	0.441615513443478	-1.72494600174394	0	-0.0012680351200325	-0.000186826504604271	0	True	5	0.293576853653535	-0.0987419563184167	0	0.00699208125750079	-0.0128557087954351	0	False	6	-0.26376624252196	0.600792292155175	0	-0.022829729525632	-0.354987468041715	0	False	7	0.817097991709119	-0.775438470622759	0	0.0354203923555493	0.0223288888641167	0	True	8	0.272675882806607	0.102335770747857	0	-0.0280989834355184	0.00588025424933151	0	False	9	0.948849563883761	-1.49948212188375	0	-0.00148485062567295	0.00204622605158837	0	True	10	0.778391078280701	-1.8123470651729	0	0.0119364931335086	0.0193475144955806	0	False	11	1.372093703612	-0.926780393581043	0	-0.00558897370121494	0.00415482473324097	0	True	12	0.167014381055744	-2.00643305642028	0	0.00134555603360506	-0.00903982453003182	0	True	13	-0.753346669461208	-1.42422830529619	0	0.00138703856630857	0.00236331602871532	0	True	14	-0.724880129182087	-1.63625471525639	0	0.00107166357031114	0.00225114013108466	0	True	15	1.75082780625496	0.0461287016923399	0	0.00449698083855743	1.97762985615215E-05	0	True	16	0.674916285556708	0.770785841593343	0	0.151535138021297	-0.128337496418536	0	False	17	0.154170604519523	1.12000632287045	0	0.189410568067389	-0.0828009798513538	0	False								
1	-0.393567083261107	-2.11235156680654	0	-0.0147399667314152	-0.00462699181173681	0	True	2	-0.218132567396167	0.92914181772393	0	0.0749237172225475	0.062870553110152	0	False	3	-0.191918465597574	1.1373005188029	0	-0.0838773376916712	-0.348722498529575	0	False	4	0.441806697903085	-1.72504042464789	0	0.000109144652855548	-0.000933425221040399	0	True	5	0.292362953157671	-0.0962071809450862	0	0.00289422131046805	-0.00444444183148769	0	False	6	-0.26376624252196	0.600792292155175	0	-0.022829729525632	-0.354987468041715	0	False	7	0.818873304463035	-0.778921626550773	0	-0.0142595580548592	-0.00845356796397781	0	True	8	0.268562846815446	0.102691235332635	0	-0.0260350762531061	0.00159237456183954	0	False	9	0.94771396543273	-1.50457258049629	0	-0.00268207360200681	-0.0162988756896566	0	True	10	0.76704798386575	-1.81573121039328	0	-0.161558985951225	0.0220100221862568	0	False	11	1.37102467755922	-0.926319597877156	0	-0.00138266960083151	0.00051842760624947	0	True	12	0.16695726196632	-2.00587640035431	0	0.0458458149829505	0.017719337854739	0	True	13	-0.753500203620836	-1.42446130515445	0	-0.00183787452709364	-0.00301239494222521	0	True	14	-0.724933234533202	-1.6364133232707	0	-0.0036741125933013	-0.00885349692688476	0	True	15	1.7496911604184	0.0461490245028263	0	-0.000642715734324852	-0.0107140488600736	0	True	16	0.674916285556708	0.770785841593343	0	0.151535138021297	-0.128337496418536	0	False	17	0.154170604519523	1.12000632287045	0	0.189410568067389	-0.0828009798513538	0	False								
1	-0.39358539584201	-2.11322608332936	0	-0.00107184254362675	-0.000790813689221907	0	True	2	-0.218132567396167	0.92914181772393	0	0.0749237172225475	0.062870553110152	0	False	3	-0.194458643682678	1.12407380235361	0	-0.00160794110661163	-0.00931710120319308	0	False	4	0.441652447390462	-1.72477915888022	0	0.0184567877076433	0.00805422453994026	0	True	5	0.28467986821739	-0.101209121538457	0	-0.00709634081684849	-0.00396704083788827	0	False	6	-0.263827849560163	0.59898471833794	0	0.00236734532549	-0.016670118064117	0	False	7	0.8080453482107	-0.778941785179833	0	-0.0196931112211246	0.00286049252691862	0	True	8	0.285309702184183	0.103923171350833	0	0.0297648128001756	-0.0065098210868912	0	False	9	0.949524703162958	-1.50044355978868	0	0.0016946844184456	-0.00222119642339171	0	True	10	0.825208147653834	-1.82516262624242	0	0.184687370645009	-0.0416577623558095	0	False	11	1.37134856113226	-0.926381127739172	0	0.000179090710302275	0.000475393965613195	0	True	12	0.16675963400739	-2.00404787807343	0	-0.00148073978174553	0.0123912494856183	0	True	13	-0.75486089933154	-1.42707203116473	0	-0.00428241602243859	-0.00768617390253945	0	True	14	-0.723987086328311	-1.63409873295746	0	0.00504338941046548	0.0117559464542259	0	True	15	1.75024168504866	0.0462077460518571	0	0.00304439106456608	0.000244422219193598	0	True	16	0.674916285556708	0.770785841593343	0	0.151535138021297	-0.128337496418536	0	False	17	0.154170604519523	1.12000632287045	0	0.189410568067389	-0.0828009798513538	0	False								
1	-0.3933083406448	-2.11227662709136	0	-0.0257603308002053	-0.00680291356362873	0	True	2	-0.218132567396167	0.92914181772393	0	0.0749237172225475	0.062870553110152	0	False	3	-0.19411308273798	1.12417477531833	0	-0.00338374338882569	-0.0204085904867703	0	False	4	0.439801436298788	-1.73026737639347	0	-0.00549642685915708	-0.0131402858518883	0	True	5	0.291951493225873	-0.102664029644916	0	-0.00495872622715319	0.00284964136251615	0	False	6	-0.262464748758721	0.598557013637227	0	0.0102973602121484	-0.268916698795422	0	False	7	0.817077134170797	-0.779413068925773	0	-0.00897802404036275	-0.00562369484834897	0	True	8	0.276157295273517	0.10302808866572	0	-0.0220553173135639	0.0246484333473044	0	False	9	0.945962871337631	-1.50210063575168	0	-0.00950721582463148	-0.00511970473667523	0	True	10	0.771453765816531	-1.81547376284624	0	0.0219259588540456	-0.0156038788232149	0	False	11	1.37089509586054	-0.925909195673385	0	-0.00619164873156986	0.00456203321022795	0	True	12	0.163041527803563	-2.00960843404689	0	-0.0104584152255692	-0.0178253401248367	0	True	13	-0.753789635085514	-1.42512489669847	0	-0.0014162405494747	-0.0029705761943806	0	True	14	-0.726089599385723	-1.63881747032339	0	-0.00125591128171603	-0.00281274117593278	0	True	15	1.74861985117099	0.0460977501542429	0	0.00041234279833345	-0.000275026912278825	0	True	16	0.674916285556708	0.770785841593343	0	0.151535138021297	-0.128337496418536	0	False	17	0.154170604519523	1.12000632287045	0	0.189410568067389	-0.0828009798513538	0	False								
1	-0.388805621163781	-2.11164162572918	0	-0.0121496415939834	-0.00316562095051618	0	True	2	-0.217498349516611	0.945858910099766	0	0.0707808884989633	0.0771384782606542	0	False	3	-0.19411308273798	1.12417477531833	0	-0.00338374338882569	-0.0204085904867703	0	False	4	0.441427231261795	-1.72375157806485	0	0.0077758238508009	0.00937745069732848	0	True	5	0.292986453277248	-0.0950416677404489	0	0.0241786064359617	-0.00871257056996688	0	False	6	-0.262464748758721	0.598557013637227	0	0.0102973602121484	-0.268916698795422	0	False	7	0.805828712093373	-0.78275413163027	0	-0.0325512038867791	-0.0102931145329314	0	True	8	0.277162439292942	0.104449651345586	0	-0.00260379191835622	0.0108867426400463	0	False	9	0.94952989543741	-1.50061331296388	0	0.000947959154982564	-0.00129766942237556	0	True	10	0.82507800811537	-1.82495748301156	0	0.0371041051822298	-0.0181240892939877	0	False	11	1.37068557807249	-0.926266893349801	0	-0.00104520672827192	0.000242247270473568	0	True	12	0.167156499995607	-2.00714255352981	0	0.000151142792976786	0.000245594754349039	0	True	13	-0.753882302034383	-1.42507615840898	0	0.000679349172000024	0.00172918601325719	0	True	14	-0.725601210279917	-1.63766690161358	0	-0.00230121743328658	-0.00439769673605171	0	True	15	1.75011849710058	0.0460038662913221	0	-0.000867336828865994	-0.000140491366952803	0	True	16	0.674916285556708	0.770785841593343	0	0.151535138021297	-0.128337496418536	0	False	17	0.154170604519523	1.12000632287045	0	0.189410568067389	-0.0828009798513538	0	False								
1	-0.388966217687927	-2.11262990476247	0	-0.000876567157396939	-0.00543741513709035	0	True	2	-0.221238636529013	0.92157192138863	0	0.061039936145988	0.0226366429145492	0	False	3	-0.19411308273798	1.12417477531833	0	-0.00338374338882569	-0.0204085904867703	0	False	4	0.445249582963961	-1.72193813654741	0	0.0103043686149213	0.0090543066874541	0	True	5	0.287680441257256	-0.0917648490136619	0	-0.0173769738344977	0.0199072845089324	0	False	6	-0.262464748758721	0.598557013637227	0	0.0102973602121484	-0.268916698795422	0	False	7	0.813777753197076	-0.779333463213751	0	-0.0116180542992598	-0.0116108601366452	0	True	8	0.278174972697126	0.103356037742554	0	0.017132357741268	0.00319090797282756	0	False	9	0.949595160306233	-1.50064536158949	0	0.00254173052718584	-0.00307226003322843	0	True	10	0.831429675821467	-1.82913955100101	0	0.159807369641129	-0.0493994510444817	0	False	11	1.3710670073678	-0.92652984194819	0	-0.00296379678420728	0.000706659417406178	0	True	12	0.166694906437141	-2.00308979810154	0	-0.000537947399444049	0.00981602095962347	0	True	13	-0.754555459190363	-1.42641652580499	0	-0.00356566177463237	-0.00644587760390378	0	True	14	-0.724974048348816	-1.63648621556807	0	-0.000126290436864408	-0.000313950130924011	0	True	15	1.75104311866816	0.0461469710238206	0	0.000699164875404699	4.85449438809272E-05	0	True	16	0.674916285556708	0.770785841593343	0	0.151535138021297	-0.128337496418536	0	False	17	0.154170604519523	1.12000632287045	0	0.189410568067389	-0.0828009798513538	0	False								
1	-0.388874041856399	-2.11218966565962	0	0.0135713198793153	0.000196816517202007	0	True	2	-0.221238636529013	0.92157192138863	0	0.061039936145988	0.0226366429145492	0	False	3	-0.192723045383612	1.13307708422543	0	-0.0847470523475411	-0.351407802738287	0	False	4	0.435176965683429	-1.72983196955724	0	-0.013216135150022	-0.00867164789072254	0	True	5	0.286696224311938	-0.100635095486543	0	-0.0161080370021643	-0.00765413139111313	0	False	6	-0.266492481565753	0.599822290611688	0	-0.00947034418099016	-0.012406506642416	0	False	7	0.813690464419855	-0.781610009905162	0	-0.0169549637222921	-0.00672126413561794	0	True	8	0.275652250229972	0.097184117164303	0	0.0232835490955104	-0.0119108119247879	0	False	9	0.946317514466763	-1.50251836509134	0	-0.00164533437610376	0.0073891241384571	0	True	10	0.767270719346866	-1.81072351578016	0	0.0463422247790477	0.00238604766961575	0	False	11	1.37167265037489	-0.926543096846339	0	0.00151100230363904	-0.000657138265105143	0	True	12	0.167290186677655	-2.0074515406338	0	0.000984694762297059	-0.00174046102714805	0	True	13	-0.75377076018789	-1.42494640259285	0	-0.00133208225674103	-0.00241944041915397	0	True	14	-0.724974048348816	-1.63648621556807	0	-0.000126290436864408	-0.000313950130924011	0	True	15	1.75007944297451	0.0461270721777226	0	0.00179135881551185	-5.56432631080878E-05	0	True	16	0.674916285556708	0.770785841593343	0	0.151535138021297	-0.128337496418536	0	False	17	0.154170604519523	1.12000632287045	0	0.189410568067389	-0.0828009798513538	0	False								
1	-0.384132738124552	-2.11045057494348	0	0.0259212841444813	0.00726764824558446	0	True	2	-0.220475174352248	0.92263575719968	0	0.0641378573389614	0.0392682183154651	0	False	3	-0.192723045383612	1.13307708422543	0	-0.0847470523475411	-0.351407802738287	0	False	4	0.441979631244036	-1.7255275942469	0	0.00487789872338671	0.00172655841923259	0	True	5	0.293176510814322	-0.0998815753629786	0	0.0231943367566401	0.00894576078501089	0	False	6	-0.266492481565753	0.599822290611688	0	-0.00947034418099016	-0.012406506642416	0	False	7	0.810750240165781	-0.778420319919959	0	0.00712394270130965	0.00161006911859403	0	True	8	0.277533523776074	0.10099362200464	0	-0.0208722221749289	-0.00563814944033262	0	False	9	0.94944780777625	-1.50067086125444	0	0.00117109495939084	9.07714933185165E-05	0	True	10	0.825731600495866	-1.82063175764693	0	0.0276648691749682	0.00430466484135465	0	False	11	1.37341134356336	-0.927541187876633	0	0.00507188958940398	-0.00306548040832067	0	True	12	0.167099748532083	-2.00698643377047	0	0.00106945684879047	-0.0058881387396249	0	True	13	-0.753223480556191	-1.42410503465366	0	0.00407137612377414	0.00740680858184348	0	True	14	-0.72594613044893	-1.63869814745384	0	-0.00249364846584221	-0.0055914674943748	0	True	15	1.74921586497833	0.0460572171989753	0	-0.00206022471856889	-0.000408745415482902	0	True	16	0.674916285556708	0.770785841593343	0	0.151535138021297	-0.128337496418536	0	False	17	0.154170604519523	1.12000632287045	0	0.189410568067389	-0.0828009798513538	0	False								
1	-0.389032734404826	-2.11352850325256	0	0.0109001192270367	-0.00434956251687292	0	True	2	-0.220475174352248	0.92263575719968	0	0.0641378573389614	0.0392682183154651	0	False	3	-0.190032531954114	1.14285146780863	0	0.00615533458860138	0.0234308350886288	0	False	4	0.438412298736704	-1.72729006767207	0	-0.000282548982959846	0.0120452574272482	0	True	5	0.282669121663524	-0.105333895255925	0	-0.0278039440699933	-0.00280778213205058	0	False	6	-0.26499298805044	0.606704482946321	0	0.00369081549957479	0.0115607759476383	0	False	7	0.815279460710102	-0.780570883391412	0	-0.0051232418264129	-0.003314494845744	0	True	8	0.277775485047349	0.100225458181117	0	0.00558160025656192	-0.00535244786653992	0	False	9	0.947485848633225	-1.50425287372658	0	0.00549005216357296	-0.00565798528795615	0	True	10	0.817293128538208	-1.81875258750228	0	0.154378317918404	-0.0174935022831716	0	False	11	1.37041685871089	-0.925549810740635	0	-0.00235563413277506	0.00139459016663068	0	True	12	0.167261816569158	-2.00765584801423	0	0.0120015048115376	0.00781102363755055	0	True	13	-0.753905187920949	-1.42525239337342	0	-0.000924015673606338	-0.00140626910167523	0	True	14	-0.72327124517197	-1.6326840099985	0	0.00251048841224488	0.00511128877130901	0	True	15	1.74880083390305	0.0461245524831084	0	0.00129658063631578	9.64389004561168E-05	0	True	16	0.674916285556708	0.770785841593343	0	0.151535138021297	-0.128337496418536	0	False	17	0.154170604519523	1.12000632287045	0	0.189410568067389	-0.0828009798513538	0	False								
1	-0.393557902840887	-2.11218880190636	0	-0.0155074145040985	-0.00225034968062229	0	True	2	-0.220475174352248	0.92263575719968	0	0.0641378573389614	0.0392682183154651	0	False	3	-0.190522795507304	1.14219494464118	0	0.00308053447400885	0.00833091135608101	0	False	4	0.438865898915537	-1.7289131121833	0	-0.00367135301451037	-0.0116673712147548	0	True	5	0.29007500262317	-0.0997806567527541	0	-0.00900652053456283	-0.00860705350278863	0	False	6	-0.269308652646772	0.703124258771027	0	-0.0138773759810936	0.300277188920619	0	False	7	0.807899075487957	-0.778109136230849	0	0.00583322877509975	0.0136421777888004	0	True	8	0.276745007566907	0.101344992822842	0	-0.000373198762473177	-0.00618709609190691	0	False	9	0.949768314913679	-1.50081307324476	0	0.00184498397238698	0.000147751620460833	0	True	10	0.766473096442619	-1.81036706279287	0	-0.151073466835152	0.0347539981636427	0	False	11	1.37022001136134	-0.92579240327083	0	-0.00232637655947367	0.00171975096617733	0	True	12	0.154482574889775	-2.01121442278887	0	-0.0375814598715673	-0.00983184715353418	0	True	13	-0.753064145738358	-1.42368663483046	0	0.00182151087216894	0.00306211053195467	0	True	14	-0.722646248187715	-1.63104693581011	0	0.0102661277317981	0.0232075756148874	0	True	15	1.74868794593597	0.046075403481618	0	-0.0033906373491557	0.000224544066040176	0	True	16	0.674916285556708	0.770785841593343	0	0.151535138021297	-0.128337496418536	0	False	17	0.154170604519523	1.12000632287045	0	0.189410568067389	-0.0828009798513538	0	False								
1	-0.388800596820147	-2.11183382853325	0	-0.00214610424905091	0.00147608435112625	0	True	2	-0.219380215368745	0.9308801068426	0	-0.0027808079175144	-0.0430923991297681	0	False	3	-0.190522795507304	1.14219494464118	0	0.00308053447400885	0.00833091135608101	0	False	4	0.438347846378636	-1.72674234897514	0	-0.0157637216513538	-0.0108453587602157	0	True	5	0.28788957059386	-0.0945982512968648	0	-0.000104061151756793	-0.0037020211522097	0	False	6	-0.269308652646772	0.703124258771027	0	-0.0138773759810936	0.300277188920619	0	False	7	0.804991525083053	-0.782457947444575	0	-0.0242818495786078	-0.00772467456428543	0	True	8	0.27712651180511	0.0972067617490277	0	-0.00216848688157951	-0.0143616736032379	0	False	9	0.948538310587659	-1.49887781021998	0	-0.00167596855866547	0.00549006041186929	0	True	10	0.75577387228882	-1.81084252619087	0	-0.197870955207647	0.0451554261357862	0	False	11	1.36946760276554	-0.925168145466268	0	-0.005434944727008	0.00414925092126645	0	True	12	0.166961773177896	-2.00567570508776	0	-0.00241980893062436	-0.00612901863859728	0	True	13	-0.753574172025637	-1.42454777004053	0	0.00231915866362018	0.00447211517557716	0	True	14	-0.7256125260306	-1.63784428055066	0	0.000795840587305342	0.00141477278791838	0	True	15	1.748367757026	0.0460108395283878	0	-0.00684468993495613	-0.000350778309414239	0	True	16	0.674916285556708	0.770785841593343	0	0.151535138021297	-0.128337496418536	0	False	17	0.154170604519523	1.12000632287045	0	0.189410568067389	-0.0828009798513538	0	False								
1	-0.388677618552985	-2.11074623812394	0	-0.0020018486008039	0.00360677530269583	0	True	2	-0.219380215368745	0.9308801068426	0	-0.0027808079175144	-0.0430923991297681	0	False	3	-0.192095215809937	1.13405767544462	0	0.00598635220753252	0.0236065662541956	0	False	4	0.439027575960533	-1.72939545425796	0	0.00916250684841183	-0.000492562949984364	0	True	5	0.287990729001873	-0.0947002203297746	0	0.002431658516028	0.0162296995087376	0	False	6	-0.264370618127695	0.610587216537413	0	0.000534751827675412	0.038871878070202	0	False	7	0.801174728449648	-0.782756632482475	0	-0.0350830776578721	-0.00339460853826189	0	True	8	0.283704523380379	0.0961001604352844	0	0.0225419949298963	-0.00347799085785756	0	False	9	0.948754892547535	-1.49944022195837	0	0.00642179967839226	0.00813990462875085	0	True	10	0.818739563861205	-1.82180997205912	0	0.129893175656714	-0.0284450295771551	0	False	11	1.37073763029553	-0.92619230371746	0	-0.00315560566906416	0.00122778233659983	0	True	12	0.167346416887935	-2.00953367721176	0	-0.00266857588579962	-0.00730246862979249	0	True	13	-0.753873337896348	-1.42508150083479	0	-0.000332298320443245	-0.000418251938413467	0	True	14	-0.725052991879903	-1.63645167540031	0	0.000655079286786595	0.00212747299508929	0	True	15	1.75029142825811	0.046225478532553	0	0.000896794998377635	0.000313198114963938	0	True	16	0.674916285556708	0.770785841593343	0	0.151535138021297	-0.128337496418536	0	False	17	0.154170604519523	1.12000632287045	0	0.189410568067389	-0.0828009798513538	0	False								
1	-0.388426144408147	-2.10991946427685	0	-0.0136016060232748	0.00138670403501739	0	True	2	-0.219380215368745	0.9308801068426	0	-0.0027808079175144	-0.0430923991297681	0	False	3	-0.194102961583948	1.12661406382214	0	-0.000547383620014904	0.00270354564586464	0	False	4	0.438241322562722	-1.72662852337206	0	-0.0106578169987748	-0.00399130961597886	0	True	5	0.284454998522119	-0.0949511785815859	0	-0.0241686886635987	0.0135803224086112	0	False	6	-0.265374901855877	0.605256202161134	0	-0.00608225599268041	0.0253082380157152	0	False	7	0.817561964285194	-0.780561241528949	0	0.017935174249004	-0.0055856472701206	0	True	8	0.276435830600716	0.0958854803762928	0	-0.00247140026713437	-0.0139524273364134	0	False	9	0.949670085062169	-1.50066369553692	0	0.000838632053258442	-4.05509580466035E-05	0	True	10	0.832838779204806	-1.83123110041528	0	0.0173327341762065	-0.0288451619032008	0	False	11	1.37164107343216	-0.926449833691439	0	-0.00516227073832128	0.0031029214270731	0	True	12	0.166663183562367	-2.00217077269482	0	-0.00406725151258128	0.011886669008834	0	True	13	-0.754405706422918	-1.42624485114088	0	-0.00322631176592034	-0.005822799587108	0	True	14	-0.724436818067453	-1.63526617229079	0	0.00488293973016277	0.0111478765009715	0	True	15	1.74800618317467	0.046082078416902	0	-0.00319372421343238	9.71429232483542E-05	0	True	16	0.674916285556708	0.770785841593343	0	0.151535138021297	-0.128337496418536	0	False	17	0.154170604519523	1.12000632287045	0	0.189410568067389	-0.0828009798513538	0	False								
1	-0.393616800177587	-2.11264674929243	0	-0.0139828931559045	0.00264937137921031	0	True	2	-0.219380215368745	0.9308801068426	0	-0.0027808079175144	-0.0430923991297681	0	False	3	-0.188317749386532	1.15082182129851	0	0.0125810197816261	0.0506021539045189	0	False	4	0.435296898512203	-1.73037713440772	0	-0.00858443119206847	-0.00942921118593419	0	True	5	0.295561683642289	-0.100053887614122	0	0.0376600546894042	0.0150521045909331	0	False	6	-0.26416906687414	0.607382330409942	0	0.00649866840357328	0.0284128613927673	0	False	7	0.809596393151499	-0.779517881978553	0	-0.017669192852785	0.00360420668107694	0	True	8	0.282831984881246	0.100043254887714	0	0.014844388760189	-6.63798065649451E-06	0	False	9	0.948622184431088	-1.49934863101404	0	0.00358888323738468	0.0140751962354201	0	True	10	0.819055788014278	-1.82217343512441	0	0.00302984674287958	-0.00878993774648592	0	False	11	1.37046871999257	-0.925758402631489	0	0.000238374586270435	-0.000737066732061217	0	True	12	0.167254253004905	-2.00966346241238	0	-0.00287315451914664	-0.00727586789164189	0	True	13	-0.752276710129511	-1.42221807455499	0	0.00475278609217198	0.0088560628547631	0	True	14	-0.724472337637896	-1.63543265867496	0	-0.0029915821019062	-0.00680101642736026	0	True	15	1.74818587033829	0.046063812106391	0	-0.00148124250108811	-0.000150023906959603	0	True	16	0.674916285556708	0.770785841593343	0	0.151535138021297	-0.128337496418536	0	False	17	0.154170604519523	1.12000632287045	0	0.189410568067389	-0.0828009798513538	0	False								
1	-0.384244334431705	-2.11098913139118	0	0.0246305578087178	0.00317776517616712	0	True	2	-0.219380215368745	0.9308801068426	0	-0.0027808079175144	-0.0430923991297681	0	False	3	-0.193966151402572	1.12326273145442	0	-0.0104802070330721	-0.0521707172121241	0	False	4	0.438684670080348	-1.72797012654488	0	-0.000778567497507406	0.00184440150247133	0	True	5	0.285301681651775	-0.0955501341491691	0	-0.0118298539692736	0.0108545945473009	0	False	6	-0.264975871437663	0.615384659768847	0	-3.65936513428706E-05	0.0300030774657326	0	False	7	0.817014430043768	-0.77731222592706	0	0.024077042499477	0.00230779869288215	0	True	8	0.278148212863709	0.100985871735117	0	0.00523994541094329	-0.000759336087663562	0	False	9	0.946514878817637	-1.50278657037038	0	-0.00881754042896417	-0.00532923562725807	0	True	10	0.819265121582192	-1.822839415002	0	0.153222275030599	-0.0352761780285329	0	False	11	1.37125415209149	-0.926096890891697	0	0.00293731319336883	-0.000936169039559813	0	True	12	0.166986523291308	-2.00543211270932	0	0.0340298747836069	0.0146191629929166	0	True	13	-0.754659780546525	-1.42673922008691	0	-0.00415381402941863	-0.00795356123323853	0	True	14	-0.726117119048304	-1.63889626719603	0	-0.00926992849525042	-0.0209670110795558	0	True	15	1.74910588404988	0.0459721568382581	0	0.00133364539706613	-0.000252633977837434	0	True	16	0.674916285556708	0.770785841593343	0	0.151535138021297	-0.128337496418536	0	False	17	0.154170604519523	1.12000632287045	0	0.189410568067389	-0.0828009798513538	0	False								
1	-0.393263850818903	-2.11193350146372	0	-0.0143017053034225	-0.000510071456804542	0	True	2	-0.219380215368745	0.9308801068426	0	-0.0027808079175144	-0.0430923991297681	0	False	3	-0.194807949820561	1.12429260344435	0	-0.0114652026929996	-0.0472667153396286	0	False	4	0.438539647113711	-1.72726164701771	0	0.000209166394428697	-0.00200364878972232	0	True	5	0.291135876950728	-0.09899532184844	0	0.0109326356177121	-0.0131503843033021	0	False	6	-0.262509624555973	0.593912571294858	0	0.0197846091765449	-0.315825884886364	0	False	7	0.804423682425016	-0.786038508348979	0	-0.0043536544873381	-0.0110626181176869	0	True	8	0.276046612908528	0.10188125970867	0	-0.00185833433228775	0.0130557489640047	0	False	9	0.947939739388156	-1.50485808728473	0	-0.00136854414139844	-0.016557957363875	0	True	10	0.759130695873213	-1.80781241266593	0	0.00878350975967634	0.00936495301627452	0	False	11	1.36930023574974	-0.925091690907348	0	-0.000657244620019757	0.00026931401002269	0	True	12	0.166969869582241	-2.00583431526044	0	0.000110671635047841	-0.00157437111971896	0	True	13	-0.753277093562344	-1.42407628283503	0	0.001219346554431	0.00206591050085824	0	True	14	-0.725111986230197	-1.63678977383872	0	0.00168082709280496	0.0035593212338287	0	True	15	1.74914444595846	0.0461465024874596	0	0.00231395046898094	0.00042556689156429	0	True	16	0.674916285556708	0.770785841593343	0	0.151535138021297	-0.128337496418536	0	False	17	0.154170604519523	1.12000632287045	0	0.189410568067389	-0.0828009798513538	0	False								
1	-0.388782471486597	-2.11227862370082	0	-0.00228269700118154	-0.00459748860651913	0	True	2	-0.219380215368745	0.9308801068426	0	-0.0027808079175144	-0.0430923991297681	0	False	3	-0.196552785478941	1.11678490661471	0	-0.0117510113484317	-0.044543906404059	0	False	4	0.441842209378221	-1.72481108476821	0	0.00736877415772967	0.012408970905775	0	True	5	0.286407246281587	-0.0868990454192968	0	-0.00241502975877384	0.0205422651378297	0	False	6	-0.265692004832084	0.700398872897189	0	-0.00323393486491383	0.244889029549811	0	False	7	0.826241009701882	-0.775833166697844	0	0.0668859579274194	0.0179759606486386	0	True	8	0.284193227727751	0.0918750992422778	0	0.00167684313789359	-0.0113827465992315	0	False	9	0.947219933172455	-1.50388270996684	0	-0.00398018910901386	-0.0122439562144105	0	True	10	0.827962844894882	-1.82884627477845	0	0.0173631787354583	-0.017102284659795	0	False	11	1.37165002718088	-0.926509102977018	0	0.00217041036750561	-0.000692579977821855	0	True	12	0.167243858472855	-2.00817926133124	0	-0.000241392194202202	0.00306998001860179	0	True	13	-0.753293072018224	-1.42431904342135	0	0.00203744463612253	0.00293387697749153	0	True	14	-0.725862731470851	-1.63846166494096	0	-0.0020046538751321	-0.00507048149460436	0	True	15	1.74944984030038	0.0460246355505936	0	-0.00238697968641733	-0.000529521103601725	0	True	16	0.674916285556708	0.770785841593343	0	0.151535138021297	-0.128337496418536	0	False	17	0.154170604519523	1.12000632287045	0	0.189410568067389	-0.0828009798513538	0	False								
1	-0.384036150966843	-2.11050710853527	0	0.00434907734117583	-0.00415243065219119	0	True	2	-0.219380215368745	0.9308801068426	0	-0.0027808079175144	-0.0430923991297681	0	False	3	-0.188724380350011	1.14422507982964	0	0.00589760701989931	0.0184429003452903	0	False	4	0.441584975184899	-1.72450367083131	0	0.00914953744396582	0.00521917544151913	0	True	5	0.290401392913217	-0.096279462413619	0	0.0135460021653196	0.00675397472897596	0	False	6	-0.265174490039749	0.609662601438005	0	0.000346995594350329	0.119558402566514	0	False	7	0.815540067915224	-0.780776113891736	0	0.00497068608637094	0.00426273520934645	0	True	8	0.272693327287048	0.0973283355388395	0	0.0040552944346587	-0.00236823284616329	0	False	9	0.948247971541094	-1.49850819439625	0	-0.00492798728512078	-0.000556612857692128	0	True	10	0.823885420824911	-1.82207557551423	0	-0.0279874661307756	0.0194484214464642	0	False	11	1.36987783152968	-0.925418124760458	0	-0.00306842858531954	0.00170526268024391	0	True	12	0.163111425080848	-2.00926668356514	0	-0.00472933900069074	-0.0190043798864237	0	True	13	-0.751981258872222	-1.42168305941101	0	0.00553756587173295	0.0102263602573757	0	True	14	-0.725214978789136	-1.63692633955014	0	-0.00271132973997976	-0.00598378882417514	0	True	15	1.74854624943397	0.0460901616964358	0	0.00254803536182787	-3.11273925717424E-05	0	True	16	0.669460942600061	0.774394947758333	0	0.103122479691864	-0.0892875064523563	0	False	17	0.156524727658417	1.1155648305351	0	0.146601410427748	-0.0706728655063875	0	False								
1	-0.388718964423787	-2.11180954526031	0	0.0099623585668569	0.00102491914381664	0	True	2	-0.220075878890629	0.931041537329937	0	-0.00500038623369635	0.00612404100733435	0	False	3	-0.188724380350011	1.14422507982964	0	0.00589760701989931	0.0184429003452903	0	False	4	0.441894831032831	-1.72543004730289	0	0.0180406327736332	0.013997306824931	0	True	5	0.281993424011334	-0.095695177940979	0	-0.033920209767403	0.0222533181342165	0	False	6	-0.265174490039749	0.609662601438005	0	0.000346995594350329	0.119558402566514	0	False	7	0.818983251450514	-0.777877565870768	0	0.0340356746827189	0.00690018208487699	0	True	8	0.278762095229223	0.0996276328335742	0	-0.0022875214477242	-0.00965756594840729	0	False	9	0.94884665181198	-1.49938018426032	0	-0.000824022749389883	-0.00593906678387488	0	True	10	0.82492690254717	-1.82715207759341	0	0.0128453309068795	-0.0158356618672987	0	False	11	1.36934501728423	-0.925302166082876	0	-0.000790839246543924	-1.95118492630151E-05	0	True	12	0.167193292141461	-2.00758127456473	0	0.00145897437829667	0.00534648867777535	0	True	13	-0.753097005935939	-1.42392034912114	0	-0.00260685598440258	-0.00542225977278536	0	True	14	-0.726218807768812	-1.63939819726541	0	-0.00454261809223763	-0.0102705884678467	0	True	15	1.74692224719431	0.0460460899514147	0	-0.00108273119636177	-6.4461550762331E-05	0	True	16	0.669460942600061	0.774394947758333	0	0.103122479691864	-0.0892875064523563	0	False	17	0.156524727658417	1.1155648305351	0	0.146601410427748	-0.0706728655063875	0	False								
1	-0.388824088034413	-2.11165229310574	0	-0.0155967450404407	-0.00304560462901013	0	True	2	-0.220075878890629	0.931041537329937	0	-0.00500038623369635	0.00612404100733435	0	False	3	-0.191970408567916	1.13059964621008	0	-0.0187047415175309	-0.0846128693736483	0	False	4	0.438330628881342	-1.72637999958892	0	-0.000219179884548187	0.00507206697589816	0	True	5	0.290730128492775	-0.0952899063363761	0	0.0161162675298884	0.0111374512164253	0	False	6	-0.263873903149178	0.602276892398314	0	0.000277295594002305	0.0946736091286058	0	False	7	0.807751413729375	-0.789832202319348	0	-0.0147155873092501	-0.0296354320558058	0	True	8	0.274862350526929	0.0940328122690396	0	0.000374057918399311	-0.0265145097780826	0	False	9	0.950608675571323	-1.50208515258462	0	0.0093700690678224	-0.00358253518097635	0	True	10	0.817846953291748	-1.82144102116156	0	-0.00583242017171005	0.000572190035529005	0	False	11	1.37099899665841	-0.926557802958388	0	0.00132122936780122	-0.00231849551864427	0	True	12	0.167472629649745	-2.01004524138442	0	0.00289604146507613	-0.0123748174335297	0	True	13	-0.753250742644274	-1.42409022945032	0	0.0034301838838177	0.00634274719408319	0	True	14	-0.725493444000425	-1.63762330011962	0	0.00175129740017332	0.00361621328053189	0	True	15	1.74947987363784	0.0461669773481414	0	0.0029780233514944	0.000492126845866613	0	True	16	0.669460942600061	0.774394947758333	0	0.103122479691864	-0.0892875064523563	0	False	17	0.156524727658417	1.1155648305351	0	0.146601410427748	-0.0706728655063875	0	False								
1	-0.38897029275221	-2.11305935601565	0	0.0100686240403574	-0.00373357889685192	0	True	2	-0.220075878890629	0.931041537329937	0	-0.00500038623369635	0.00612404100733435	0	False	3	-0.193824733328542	1.12586499774226	0	-0.00796041049058303	-0.0217311235840855	0	False	4	0.438511112100126	-1.72753157581904	0	0.000636888286764523	0.000235465724508631	0	True	5	0.291830700277	-0.0946897265288259	0	0.00195455030420252	0.0225318215814071	0	False	6	-0.262973677805883	0.601095325009625	0	0.00463751560945097	0.0702150718642348	0	False	7	0.812402376696267	-0.775215643218869	0	0.0328860942168166	0.0309859197337248	0	True	8	0.274971497930003	0.0965571024103532	0	0.00670155403422907	-0.0229757858408603	0	False	9	0.950026789167854	-1.50113432395421	0	0.00384840044960892	0.00469937924059504	0	True	10	0.819410988580851	-1.82285855537378	0	0.171439302296694	-0.0462161669384168	0	False	11	1.36862053793398	-0.929568564615317	0	0.00118986238190043	-0.0125198940435747	0	True	12	0.166862745491251	-2.00411944594735	0	0.00146502425920836	0.00315641938997634	0	True	13	-0.753462489478419	-1.42448123599294	0	-0.00107217631513903	-0.00228767264931813	0	True	14	-0.725831936126393	-1.63829328102175	0	-0.00196925262276554	-0.00408550497860182	0	True	15	1.74959903290294	0.046033956253688	0	0.00315575719544676	-0.0003334300436116	0	True	16	0.669460942600061	0.774394947758333	0	0.103122479691864	-0.0892875064523563	0	False	17	0.156524727658417	1.1155648305351	0	0.146601410427748	-0.0706728655063875	0	False								
1	-0.388621614998759	-2.1109547028086	0	-0.00138058023887945	0.00279810723069114	0	True	2	-0.220075878890629	0.931041537329937	0	-0.00500038623369635	0.00612404100733435	0	False	3	-0.19007591011056	1.1433255864861	0	0.00440500671016253	0.0215804046847855	0	False	4	0.438864424077485	-1.72880969049751	0	-0.00754522573697902	-0.00991861060546421	0	True	5	0.290727976969166	-0.0970958536128057	0	0.012087696287165	-0.017244835755686	0	False	6	-0.262413369370478	0.596253883495041	0	-0.000992030577501861	0.119325646741549	0	False	7	0.800751243074949	-0.766698613208223	0	-0.058236764118453	0.0253841504090963	0	True	8	0.277520894232915	0.110934837827011	0	-0.00903423718789533	0.0427628820796518	0	False	9	0.94739363259631	-1.49727505986252	0	-0.00114383161133991	0.0122359865143896	0	True	10	0.819423004027606	-1.82335697403953	0	-0.0185798104913804	0.0105388242472223	0	False	11	1.37169191388413	-0.926906414900584	0	0.00284315976357413	-0.00154978293089224	0	True	12	0.167232870905835	-2.00745915201021	0	0.00168960600951894	0.000778484489284999	0	True	13	-0.753259471994473	-1.42414794046285	0	-0.0004899227718659	-0.000733929554616593	0	True	14	-0.72451887264966	-1.63550320641331	0	0.00358413394833692	0.00792633153437297	0	True	15	1.74816934947869	0.0460644853696646	0	-0.00147710357561536	8.39772531525075E-05	0	True	16	0.669460942600061	0.774394947758333	0	0.103122479691864	-0.0892875064523563	0	False	17	0.156524727658417	1.1155648305351	0	0.146601410427748	-0.0706728655063875	0	False								
1	-0.388707526177642	-2.11150086093202	0	-0.00895179963383946	-0.00148103154763024	0	True	2	-0.220075878890629	0.931041537329937	0	-0.00500038623369635	0.00612404100733435	0	False	3	-0.19139851960953	1.13599432200579	0	0.00548382538428985	0.021585410658929	0	False	4	0.438080318040283	-1.7257000744527	0	-0.00936459848282271	-0.00160286411290008	0	True	5	0.286610127432984	-0.0982657665388949	0	-0.00571981658592644	-0.00606854692860686	0	False	6	-0.262249271527883	0.61436302970181	0	0.00825864980034489	-0.123499670232722	0	False	7	0.808804294930084	-0.762170901958184	0	-0.0189496994320698	0.0458152346892126	0	True	8	0.273381386896801	0.103584787559054	0	-0.00298002389668662	0.013565597446657	0	False	9	0.937246172606165	-1.50354215766089	0	-0.0314164086024623	-0.013778415976328	0	True	10	0.817956849992571	-1.81997034452927	0	-0.0164288180006216	0.0096582730885775	0	False	11	1.37465326093037	-0.924059146194306	0	0.0139507091596164	0.00481451845713482	0	True	12	0.167277072722786	-2.00797619574635	0	0.00819507228664951	0.000995872817079975	0	True	13	-0.752054082504955	-1.4298144657001	0	0.000892072680958585	-0.0208222900998495	0	True	14	-0.731890261251767	-1.64280679353763	0	-0.0182537604706905	-0.015090319072575	0	True	15	1.7486185891723	0.046106719175118	0	0.00118797901758104	0.000102192627033728	0	True	16	0.669460942600061	0.774394947758333	0	0.103122479691864	-0.0892875064523563	0	False	17	0.156524727658417	1.1155648305351	0	0.146601410427748	-0.0706728655063875	0	False								
1	-0.389039983056672	-2.1124758713236	0	-0.000887949583964579	-0.00174900111296328	0	True	2	-0.245995931349542	0.907552560519953	0	-0.0805841541630311	-0.109277961359358	0	False	3	-0.161492235676221	1.26110024713959	0	0.0784780833823882	0.335135561382345	0	False	4	0.441929252011138	-1.72560152421096	0	0.000989204071304421	0.000459840165595891	0	True	5	0.291576435677507	-0.0977359128704618	0	0.0245858145290087	-0.00568530369090754	0	False	6	-0.262395757996763	0.599888515283818	0	0.00704285801123136	-0.0245810730101327	0	False	7	0.808458372420181	-0.758965401859638	0	-0.0265584630079085	0.0493579031053295	0	True	8	0.27514224782149	0.103497405947815	0	-0.0096467166277822	0.00889318667575324	0	False	9	0.929361918808618	-1.51267669050794	0	-0.0549984382003307	-0.0380878574109242	0	True	10	0.831487820909251	-1.8262761231063	0	0.0200620970529999	0.00148587203229201	0	False	11	1.36986971505628	-0.920578377956446	0	0.00136696681332799	0.0144939694633763	0	True	12	0.167222343475198	-2.00782120541769	0	0.0001859159652238	-0.00180589341166047	0	True	13	-0.754362686610205	-1.42614174254861	0	-0.00352907051056121	-0.00606912309007935	0	True	14	-0.724337518543138	-1.63485452533187	0	0.00516464261281007	0.0122891742481404	0	True	15	1.74816801479306	0.0460356113051164	0	0.00303068255204916	-1.53111063521768E-05	0	True	16	0.669460942600061	0.774394947758333	0	0.103122479691864	-0.0892875064523563	0	False	17	0.156524727658417	1.1155648305351	0	0.146601410427748	-0.0706728655063875	0	False	18	1.16667795785476	-1.47362941671261	0	0.00636023247003592	-0.287661083830889	0	False
1	-0.388553921738139	-2.11124641641803	0	0.000556459033439081	0.00082194865921612	0	True	2	-0.245995931349542	0.907552560519953	0	-0.0805841541630311	-0.109277961359358	0	False	3	-0.189187002689777	1.14519399300762	0	0.0198068437116634	0.0896919805625362	0	False	4	0.438022330733118	-1.72535515431396	0	0.000659326623035679	0.0034859472448227	0	True	5	0.293800787212215	-0.100022088376626	0	0.00761364297964931	-0.0122509004083516	0	False	6	-0.26328842927458	0.607075774211884	0	0.00155672568897112	0.0116953766019683	0	False	7	0.804079204207834	-0.744642078085284	0	-0.00841400319949942	0.114580720233026	0	False	8	0.284124195852207	0.0941339822238293	0	0.0220516498465441	0.000562576144461605	0	False	9	0.92368689429745	-1.52503681897999	0	-0.073230491400216	-0.0610587686373144	0	True	10	0.820534124090544	-1.82337730213381	0	0.011685107386109	-0.00611456799605139	0	False	11	1.37605953551036	-0.915036032759035	0	0.0121046900152286	0.0311096491515282	0	True	12	0.167463784441472	-2.00964393008031	0	5.51655249625134E-05	8.97757740430584E-05	0	True	13	-0.752824664412769	-1.42318461220522	0	0.000583717684385579	0.0015168678624143	0	True	14	-0.72546164692792	-1.6376377041389	0	0.000590380339757575	0.00101768521004701	0	True	15	1.74891277908237	0.0462330888582572	0	-0.00171148631760804	0.000152988271024408	0	True	16	0.669460942600061	0.774394947758333	0	0.103122479691864	-0.0892875064523563	0	False	17	0.156524727658417	1.1155648305351	0	0.146601410427748	-0.0706728655063875	0	False	18	1.153315982386	-1.45640413909407	0	-0.0776047583804177	-0.0396886135094752	0	False
1	-0.393550152285211	-2.11371376130323	0	-0.0115070901625699	-0.00189829164904357	0	True	2	-0.241347306030973	0.921102347074151	0	-0.0585731737306926	-0.00770012674465644	0	False	3	-0.159909035779278	1.26767844075089	0	0.0970741675892689	0.405608979133486	0	False	4	0.441596782539215	-1.72396100366741	0	0.00910591807316983	0.00974385014310806	0	True	5	0.283417405086327	-0.092857557651214	0	-0.0208632771386104	0.00410099531009405	0	False	6	-0.2661108485225	0.611741928458654	0	-0.00764157134547819	0.0261585687070436	0	False	7	0.784612169620595	-0.725316204195424	0	-0.0680785486265953	0.127167777933183	0	False	8	0.277419455322047	0.106517133900593	0	0.00512233646100614	0.025219083816555	0	False	9	0.918530605785959	-1.52423820033683	0	-0.0846352707497697	-0.0613797063026249	0	False	10	0.825750400985505	-1.82618847370591	0	0.0208571292268071	-0.00966399412965665	0	False	11	1.37930404354747	-0.905486782373822	0	0.0259370254413177	0.062145834245674	0	True	12	0.166761620687348	-2.003886420578	0	-0.000210999964904034	2.91067168807363E-05	0	True	13	-0.755043937683816	-1.42728927896156	0	-0.00441876220271833	-0.00773702075887223	0	True	14	-0.724609653504018	-1.63564542705212	0	0.00352890191800727	0.00759428880538297	0	True	15	1.74972010059323	0.0460919689294201	0	6.13002117724783E-06	0.000124831188945544	0	True	16	0.669460942600061	0.774394947758333	0	0.103122479691864	-0.0892875064523563	0	False	17	0.156524727658417	1.1155648305351	0	0.146601410427748	-0.0706728655063875	0	False	18	1.15160258839019	-1.45414644745231	0	-0.0588342325317345	-0.0171065981704461	0	False
1	-0.388935613522698	-2.11323458371056	0	0.000305824481904493	-0.00615443180690086	0	True	2	-0.241347306030973	0.921102347074151	0	-0.0585731737306926	-0.00770012674465644	0	False	3	-0.161535726572182	1.26175610502264	0	0.0826471839337951	0.342979466512493	0	False	4	0.441362237871141	-1.7233892727573	0	0.00752200337360906	0.0147098359871117	0	True	5	0.285704996749668	-0.0957596406747937	0	-0.0116260427519855	0.00246849208064083	0	False	6	-0.255471892159108	0.707289642139305	0	0.0202391050224312	0.302724589815794	0	False	7	0.77187779240941	-0.706879301757898	0	-0.0723447467700616	0.155481737338656	0	False	8	0.277371297832874	0.0956283129421559	0	-0.00176824012236007	-0.0429473505206353	0	False	9	0.917919088592005	-1.53058690908976	0	-0.079343520321192	-0.0891332507232565	0	False	10	0.824782579475188	-1.82403697016446	0	0.0181538780742582	-0.00240421549793762	0	False	11	1.38052766392201	-0.900861556614333	0	0.0211732331735092	0.0678559576843516	0	True	12	0.167089312723574	-2.00730964259407	0	-0.000287583851279822	-0.000567230169993577	0	True	13	-0.753454653607126	-1.42442262139106	0	-0.000570121528551105	-0.00070787230930051	0	True	14	-0.724486978568538	-1.63533502903536	0	0.000386991860466828	0.0010554421041868	0	True	15	1.75019658255026	0.046171255452065	0	0.00511096891496001	0.000262756445825476	0	True	16	0.669460942600061	0.774394947758333	0	0.103122479691864	-0.0892875064523563	0	False	17	0.156524727658417	1.1155648305351	0	0.146601410427748	-0.0706728655063875	0	False	18	1.14094494367946	-1.44663406293923	0	-0.0808975025832666	0.0130898601168203	0	False
1	-0.407175521907531	-2.11138318362174	0	-0.0510230702420617	0.000624143952349362	0	True	2	-0.21872250140135	0.929485046107891	0	0.00341648785096768	0.0132422171552088	0	False	3	-0.161535726572182	1.26175610502264	0	0.0826471839337951	0.342979466512493	0	False	4	0.4418752346802	-1.72525595712807	0	0.0111890018417753	0.000641552127027349	0	True	5	0.288629396735768	-0.0953851073047288	0	0.00828295768112909	0.00683461274597954	0	False	6	-0.255471892159108	0.707289642139305	0	0.0202391050224312	0.302724589815794	0	False	7	0.773668152808503	-0.704935415106608	0	-0.0900473720977939	0.148178778588601	0	False	8	0.281691990951647	0.0978528637513421	0	0.022149880717421	-0.0158801886049091	0	False	9	0.917034435325812	-1.53619202777579	0	-0.0531595239567235	-0.0872651339152849	0	False	10	0.778127644200693	-1.81631607026514	0	-0.109614300161368	0.00985248644244811	0	False	11	1.37917451238759	-0.902042743290852	0	0.00897605185933735	0.0564674735853326	0	True	12	0.167094718231605	-2.00618424423124	0	-0.000397251845775811	0.0040763371462681	0	True	13	-0.754299776004964	-1.42598677167092	0	-0.00636707835407073	0.0108880063210059	0	True	14	-0.724600321279714	-1.63546714068332	0	0.0209042836144238	0.0213280021902278	0	True	15	1.74943565622762	0.0460671170856397	0	0.00168958592857722	-0.000151074052129321	0	True	16	0.669460942600061	0.774394947758333	0	0.103122479691864	-0.0892875064523563	0	False	17	0.156524727658417	1.1155648305351	0	0.146601410427748	-0.0706728655063875	0	False	18	1.14777815828403	-1.45566868573246	0	-0.0453976829908881	-0.0150727208783163	0	False
1	-0.388788078137132	-2.11208101334126	0	0.00296420748813194	0.00138498453048049	0	True	2	-0.255121816175623	0.825196502255383	0	-0.10455498197713	-0.309971306487575	0	False	3	-0.161604165114263	1.26243828060286	0	0.0861885716719887	0.365671642569187	0	False	4	0.4385845940769	-1.72714502018552	0	-0.00925332699757265	-0.00508811486445691	0	True	5	0.288719540091715	-0.10622029157428	0	-0.00558582599070274	-0.0259285708976045	0	False	6	-0.260764676093057	0.528519923056779	0	0.004507362357967	-0.264156364143785	0	False	7	0.761484257483231	-0.708989454130836	0	-0.124209599000252	0.127364834022995	0	False	8	0.279264866612397	0.0999904157249083	0	0.0101389285123832	-0.00946549044497615	0	False	9	0.916232502395988	-1.52805317965749	0	-0.0330426479203742	-0.037800214647157	0	False	10	0.815618311112011	-1.82036706420867	0	-0.0399613137768232	0.0161062804499825	0	False	11	1.3788267268751	-0.899809788932098	0	0.0215816796222616	0.0530062261106969	0	True	12	0.166543031154101	-2.00145802102961	0	-0.00183297852002859	0.0172689306792104	0	True	13	-0.754225857763037	-1.42589989147796	0	0.000413975356571738	0.000689973006124317	0	True	14	-0.72503778508126	-1.63673127511756	0	-0.00184469934110008	-0.00494226505615323	0	True	15	1.7473338781258	0.0461752996054881	0	-0.00309146792279818	0.000363292517680809	0	True	16	0.669460942600061	0.774394947758333	0	0.103122479691864	-0.0892875064523563	0	False	17	0.156524727658417	1.1155648305351	0	0.146601410427748	-0.0706728655063875	0	False	18	1.16952309768774	-1.45784561468521	0	0.0160569523180801	0.0361798035331519	0	False
1	-0.388497179610785	-2.11026806704358	0	0.00262697138156586	0.00363577774664911	0	True	2	-0.218541428150762	0.929616696146701	0	0.00219070543110869	-0.00939267456265713	0	False	3	-0.161604165114263	1.26243828060286	0	0.0861885716719887	0.365671642569187	0	False	4	0.435838592708772	-1.73168031034066	0	-0.00771768603925136	-0.0187524680733469	0	True	5	0.295327076599609	-0.093245318858115	0	0.00807468115173835	0.0169878906843598	0	False	6	-0.260764676093057	0.528519923056779	0	0.004507362357967	-0.264156364143785	0	False	7	0.755477608902917	-0.708013492205067	0	-0.130927530008683	0.0955382633482015	0	False	8	0.279842259029684	0.0964240723125961	0	-0.00991880687475587	0.00290205521359515	0	False	9	0.916279871406753	-1.51834224340058	0	-0.0191819504898678	0.0200732063910585	0	False	10	0.819077989284182	-1.82237503235655	0	-0.00350228430108175	0.00330990616939283	0	False	11	1.37759172779963	-0.900992498577597	0	0.00305384108266883	0.0361948833671194	0	True	12	0.166804428083305	-2.00440362669713	0	-0.0016636462357882	0.0131890877435552	0	True	13	-0.752537507402897	-1.42277103425499	0	0.00155951838468764	0.00255446819254485	0	True	14	-0.724252849180432	-1.63470994790176	0	0.0031356490130074	0.00761294031657109	0	True	15	1.75013147089347	0.046088958174337	0	0.00316875919049562	-0.000363072412204575	0	True	16	0.669460942600061	0.774394947758333	0	0.103122479691864	-0.0892875064523563	0	False	17	0.156524727658417	1.1155648305351	0	0.146601410427748	-0.0706728655063875	0	False	18	1.1302250965302	-1.45870176135347	0	-0.0648672039053974	-0.00794397440401339	0	False
1	-0.388988849242539	-2.11238523805383	0	0.0136289359955807	0.00367028238564613	0	True	2	-0.246953609598506	0.899701955170553	0	-0.00590389984316821	-0.0287313410178998	0	False	3	-0.163112718017938	1.25518013473246	0	-0.0032378904313474	-0.0111519769629565	0	False	4	0.441888595289513	-1.72541552765764	0	0.000823808252878685	-0.00417321132813303	0	True	5	0.290860577614528	-0.104079097345586	0	0.0210177203653581	-0.0320239956581543	0	False	6	-0.263435635810589	0.604224192945649	0	-0.00276904198046801	-0.00492679870933892	0	False	7	0.757161617199268	-0.721666807948428	0	-0.0776918293398637	0.00817829574444228	0	False	8	0.278257549251359	0.0989829985833925	0	0.00218137799961861	-0.0205057756110976	0	False	9	0.91659730411141	-1.53560582138391	0	-0.00545170983072651	-0.0316359339193649	0	False	10	0.777338817934252	-1.81044244099188	0	-0.136688400988263	0.0446664339146054	0	False	11	1.37463542544998	-0.90382634203463	0	-0.0135253941045412	0.00429794561933358	0	True	12	0.167349247789941	-2.00853100605463	0	0.00165082068358241	-0.0130092516145638	0	True	13	-0.754474795848739	-1.42633349276928	0	0.00149555632066455	0.00249567936789111	0	True	14	-0.731233748893495	-1.64140830487134	0	-0.0190890201844237	-0.0166320947580923	0	True	15	1.7486678879881	0.045914259533989	0	-0.0030533849522098	-0.000515502611215739	0	True	16	0.669460942600061	0.774394947758333	0	0.103122479691864	-0.0892875064523563	0	False	17	0.156524727658417	1.1155648305351	0	0.146601410427748	-0.0706728655063875	0	False	18	1.13582746793719	-1.459822690461	0	-0.0444720923724593	-0.016784066011624	0	False
1	-0.393302611725528	-2.11175810058997	0	-0.0112076208044466	0.00410666521576156	0	True	2	-0.246953609598506	0.899701955170553	0	-0.00590389984316821	-0.0287313410178998	0	False	3	-0.191868683557962	1.13537590315598	0	-0.0169180526046557	-0.0668814525475355	0	False	4	0.442005693598923	-1.72407152314905	0	0.0017996453767007	-0.00198159996781993	0	True	5	0.283936833148979	-0.0969124700510524	0	-0.00471652414597888	-0.00391237165659239	0	False	6	-0.263533450591654	0.599385151583373	0	-0.000884603948509691	-0.0358808441867996	0	False	7	0.764718331162337	-0.721283641135043	0	-0.0213467631778107	-0.0416369220547792	0	False	8	0.279610189488034	0.100990148348117	0	0.00610824061299159	0.0151795153562127	0	False	9	0.916420584312799	-1.53534096423219	0	-0.00425945725780442	-0.0133692085390615	0	False	10	0.81810239037245	-1.82207134393543	0	-0.0196817660892001	0.00611061365948863	0	False	11	1.37747480990656	-0.89899481290205	0	-0.00893884312374913	0.00508295535916897	0	True	12	0.167226621891269	-2.00890101379666	0	0.000402372175293454	-0.00459821173055677	0	True	13	-0.753607694720854	-1.4248441613283	0	-0.000459141594434212	-0.00123959715500979	0	True	14	-0.726662067891328	-1.64038572614092	0	-0.00660480382061701	-0.0146206940286794	0	True	15	1.74912861579646	0.0460669622990256	0	-0.00307631376038816	-0.000306044416310835	0	True	16	0.669460942600061	0.774394947758333	0	0.103122479691864	-0.0892875064523563	0	False	17	0.156524727658417	1.1155648305351	0	0.146601410427748	-0.0706728655063875	0	False	18	1.13315490698916	-1.46286125844528	0	-0.0225507313744909	-0.0460426051436249	0	False
